<?xml version="1.0" encoding="utf-8"?>
<form>
	<config>         
		<inlinehelp button="show"/>     
	</config>
     <fieldset name="section1">
		<field  name="horizontal" type="radio" default="center" 
                label="MOD_SWITCHEDITOR_HORIZONTAL_LABEL" description="MOD_SWITCHEDITOR_HORIZONTAL_DESC" 
                class="btn-group">
			<option value="top">MOD_SWITCHEDITOR_TOP</option>
			<option value="center">MOD_SWITCHEDITOR_CENTER</option>
			<option value="bottom">MOD_SWITCHEDITOR_BOTTOM</option>
		</field>
	</fieldset>
    <fieldset name="section2">
		<field  name="vertical" type="radio" default="left" 
                label="MOD_SWITCHEDITOR_VERTICAL_LABEL" description="MOD_SWITCHEDITOR_VERTICAL_DESC" 
                class="btn-group">
			<option value="left">MOD_SWITCHEDITOR_LEFT</option>
			<option value="right">MOD_SWITCHEDITOR_RIGHT</option>
		</field>
	</fieldset>
</form>