<?xml version="1.0" encoding="utf-8"?>
<extension version="4.x" type="file" method="upgrade">
	<name>Conseilgouz Layouts</name>
	<author>ConseilGouz</author>
	<creationDate>October 2017</creationDate>
	<copyright>>Copyright (C) 2017 All rights reserved</copyright>
	<license>GNU General Public License version 2</license>
	<authorEmail>pascal.leconte@conseilgouz.com</authorEmail>
	<authorUrl>https://www.conseilgouz.com</authorUrl>
	<version>1.0.1</version>
	<description>Ce plugin assure l'installation des layouts</description>
	<media destination="switcheditor" folder="media">
		<folder>css</folder>
		<folder>images</folder>
		<folder>js</folder>
		<filename>index.html</filename>
	</media>
</extension>